i,w,j1,j2,factor_e,exact_e_0,factor_c,calc_e_0,rad
0,0,0.0,1.0,0.28571428571428514,-22.841434054773543,0.28571428571428553,-22.839983611692816,0.0
