i,w,j1,j2,factor_e,exact_e_0,factor_c,calc_e_0,rad
1,1,0.01745240643728351,0.9998476951563913,0.28571948640985256,-22.88845150874177,0.28603174603174586,-22.866909838095804,0.005555555555555556
